Abbey Road,539081,183352,51.5319519954729,0.00372337109833635,"3",E15 3NB
Abbey Wood,547297,179002,51.4907842954371,0.120271970640651,"4",SE2 9RH
Acton Central,520613,180299,51.5087573512534,-0.263430195325689,"2",W3 6BH
Acton Main Line,520296,181196,51.5168864951629,-0.267689948014248,"3",W3 9EH
Acton Town,519457,179639,51.5030709863634,-0.280302696832724,"3",W3 8HN
Addington Village,537082,163744,51.356238539495,-0.032665100332062,"3,4,5,6",CR0 5AR
Addiscombe,534190,166290,51.3798081721677,-0.0732132825198677,"3,4,5,6",CR0 7AA
Albany Park,547903,172902,51.4358158161663,0.126444638720461,"5",DA5 3HP
Aldgate,533629,181246,51.5143422574978,-0.0756269123224863,"1",EC3N 1AH
Aldgate East,533809,181333,51.5150815056987,-0.0730014624207396,"1",E1 7PT
Alexandra Palace,530300,190498,51.598262628606,-0.120148971360812,"3",N22 7ST
All Saints,538012,180933,51.5104769064124,-0.01262488536035,"2",E14 0EH
Alperton,518025,183849,51.5412087864384,-0.299515753475578,"4",HA0 4LL
Amersham,496454,198181,51.6741283283427,-0.606513767877791,"9",HP6 5AZ
Ampere Way,530674,166476,51.3822992198881,-0.123636798461907,"3,4,5,6",CR0 3JX
Anerley,534656,169942,51.4125166137511,-0.0651370998790191,"4",SE20 8PY
Angel,531497,183263,51.5329678453984,-0.105581448303789,"1",N1 8XB
Angel Road,535204,192202,51.6124202424758,-0.048732919239143,"4",N18 3AY
Archway,529356,186827,51.5654903154596,-0.135121575621473,"2,3",N19 5RQ
Arena,535192,167620,51.3915226589885,-0.0583185498869123,"3,4,5,6",SE25 4RY
Arnos Grove,529271,192471,51.6162299245514,-0.134270217721849,"4",N11 1AN
Arsenal,531429,186107,51.5585412055997,-0.105499932961186,"2",N5 1LP
Avenue Road,535764,169335,51.4067979043154,-0.0494469369736634,"3,4,5,6",BR3 4NJ
Baker Street,527965,182078,51.5231293660588,-0.156904192986185,"1",NW1 5LA
Balham,528482,173195,51.443182314397,-0.152685161993261,"3",SW12 9SG
Bank,532704,181111,51.5133469191418,-0.0890001234943747,"1",EC3V 3LA
Banstead,524590,160426,51.3292927759057,-0.213132333541225,"6",SM7 1RB
Barbican,532079,181859,51.5202151261078,-0.0977215780905023,"1",EC1A 4JA
Barking,544405,184343,51.5395212483974,0.0808316104030654,"4",IG11 8TU
Barkingside,544788,189510,51.5858507614628,0.0884766401059263,"4",IG6 1NB
Barnehurst,550206,176193,51.4647805533263,0.160948023946885,"6",DA7 6HQ
Barnes,522209,175705,51.4671273786909,-0.242033058624954,"3",SW13 0LW
Barnes Bridge,521478,176255,51.4722276417547,-0.252362613331169,"3",SW13 0NR
Barons Court,524133,178322,51.490228334902,-0.213430142417892,"2",W14 9DP
Battersea Park,528703,176999,51.4773180830314,-0.148123760392711,"2",SW8 4NB
Battersea Power Station,529122,177252,51.4794963437573,-0.142001351364678,"1",
Bayswater,525845,180799,51.5121109831796,-0.187901571878205,"1",W2 4QH
Beckenham Hill,538002,171379,51.4246260335641,-0.0164957619689127,"4",SE6 3NU
Beckenham Junction,537403,169840,51.4109416018847,-0.0257017391145475,"4",BR3 1HY
Beckenham Road,536177,169650,51.4095296798614,-0.043391921968959,"3,4,5,6",BR3 4RR
Beckton,543145,181509,51.5143767330068,0.0615252971597842,"3",E6 5NT
Beckton Park,542697,180887,51.5089008861867,0.0548219390453979,"3",E6 5NE
Becontree,547598,184442,51.539585619744,0.126880292693594,"5",RM9 4TP
Beddington Lane,529367,167215,51.3892396514698,-0.142138433190548,"3,4,5,6",CR0 4TF
Belgrave Walk,526805,168455,51.4009613563427,-0.17849647220509,"3,4,5,6",CR4 4NY
Bellingham,537702,172399,51.4338648626461,-0.0204117702937992,"3",SE6 3BT
Belmont,525500,162098,51.344119599942,-0.199489250872962,"5",SM2 6BH
Belsize Park,527399,185075,51.5501906117819,-0.163974491025519,"2",NW3 2AL
Belvedere,549498,179197,51.4919592548785,0.152033793292314,"5",DA17 6JW
Bermondsey,534461,179445,51.4979606775063,-0.0643300898115236,"2",SE16 4RX
Berrylands,519728,168040,51.3987679490215,-0.280321472884522,"5",KT5 8LT
Bethnal Green,534995,182712,51.5271916531221,-0.055392111450162,"2",E2 0ET
Bethnal Green Rail,534683,182380,51.5242826437105,-0.0600137423991465,"2",E2 6JL
Bexley,549399,173502,51.4408147761368,0.148203914272993,"6",DA5 1AQ
Bexleyheath,548294,176000,51.4635501788196,0.133362966072476,"5",DA7 4AA
Bickley,542304,168799,51.4003796444885,0.0443040316998265,"5",BR1 2EB
Birkbeck,535297,168996,51.4038630046597,-0.0562862355401811,"4",BR3 4TA
Blackfriars,531738,180890,51.511586761695,-0.102995384624505,"1",EC4V 4DD
Blackheath,539604,175961,51.4654080272294,0.0083365947125195,"3",SE3 9LE
Blackhorse Lane,534362,166844,51.3847460703675,-0.0705339476144647,"3,4,5,6",CR0 6NL
Blackhorse Road,535914,189256,51.5857765648463,-0.0396257114650528,"3",E17 6JJ
Blackwall,538394,180649,51.507831531335,-0.00723516587766623,"2",E14 9QB
Bond Street,528497,181053,51.5137972823274,-0.149613608531646,"1",W1C 2HU
Borough,532379,179734,51.5010487177222,-0.0941973226385831,"1",SE1 1JX
Boston Manor,516391,178755,51.4957650058481,-0.324747182622381,"4",TW8 9LQ
Bounds Green,529996,191466,51.6070317206175,-0.124177064734796,"3,4",N11 2EU
Bow Church,537414,182824,51.5276151727271,-0.0204998991771464,"2",E3 3AA
Bow Road,537148,182753,51.5270417695097,-0.0243595906326814,"2",E3 4DH
Bowes Park,530299,191498,51.6072493212509,-0.11979221834416,"3,4",N22 8NL
Brent Cross,523905,187927,51.5765988683931,-0.21333583786631,"3",NW11 9UA
Brentford,517462,177864,51.4875358024268,-0.309622531111568,"4",TW8 9LF
Brentwood,559321,193036,51.6136108299031,0.299672821458218,"7",CM14 4EW
Brimsdown,536297,196997,51.6552445662243,-0.0310922768910031,"5",EN3 7NA
Brixton,531076,175437,51.4627366169782,-0.114552096829228,"2",SW9 8HE
Brockley,536405,175801,51.464749603367,-0.0377482504677788,"2",SE4 2RW
Bromley North,540395,169699,51.4089423420678,0.0172354519587102,"4",BR1 3NN
Bromley South,540431,168705,51.4000013198264,0.0173595804973149,"5",BR1 1LX
Bromley-by-Bow,538034,182532,51.5248401837009,-0.0116823743530454,"2,3",E3 3BT
Brondesbury,524718,184460,51.5452620328123,-0.202838483342792,"2",NW6 7QL
Brondesbury Park,524202,183898,51.5403250236685,-0.210473944108078,"2",NW6 6RP
Broxbourne,537407,207240,51.7470155527298,-0.0110240837822528,"9",EN10 7AW
Bruce Grove,533758,190115,51.5940111336342,-0.0703989893622801,"3",N17 8AD
Buckhurst Hill,541768,193957,51.6265767400473,0.0467125414287692,"5",IG9 5ET
Burnham,494007,181378,51.5235039896775,-0.646388208335045,"",SL1 6JT
Burnt Oak,520303,190728,51.6025514817376,-0.264330708200811,"4",HA8 0LA
Bush Hill Park,533696,195396,51.6414818485445,-0.069280412226131,"5",EN1 1BA
Bushey,511860,195318,51.6455435325774,-0.384721532726082,"8",WD19 4ST
Caledonian Road,530568,184899,51.5478852498281,-0.118360861064694,"2",N7 9BA
Caledonian Road and Barnsbury,530800,184393,51.5432843893817,-0.115204855948814,"2",N1 0SL
Cambridge Heath,534855,183250,51.5320596731624,-0.0572032006374023,"2",E2 7NA
Camden Road,529140,184191,51.5418510088565,-0.139203111401044,"2",NW1 9LQ
Camden Town,528920,183976,51.5399691216041,-0.142452379876489,"2",NW1 8NH
Canada Water,535399,179493,51.4981683312509,-0.0508071208490972,"2",SE16 7BB
Canary Wharf,537558,180153,51.5035783751289,-0.0194668401393244,"2",E14 4QS
Canning Town,539454,181350,51.5138703035051,0.00830563274876439,"3",E16 1DQ
Cannon Street,532623,180888,51.5113619437019,-0.0902505264150348,"1",EC4N 6AP
Canonbury,532355,184979,51.5481882362124,-0.0925741953281791,"2",N1 2PG
Canons Park,518208,191246,51.6076500902853,-0.294391591494146,"5",HA8 6RN
Carpenders Park,511826,193386,51.6281860887584,-0.385829315127033,"7",WD19 7DT
Carshalton,527737,164858,51.3684260954417,-0.166398326395598,"5",SM5 2HT
Carshalton Beeches,527552,163625,51.3573865653231,-0.169496324469362,"5",SM5 3LG
Castle Bar Park,515853,181770,51.5229731248863,-0.331504069938095,"4",W7 1AY
Caterham,534099,155422,51.282162696229,-0.0786072982130978,"6",CR3 6LB
Catford,537245,173544,51.4442648711703,-0.0265384985567016,"3",SE6 4XT
Catford Bridge,537363,173595,51.44469458702,-0.0248218759100765,"3",SE6 4RE
Centrale,532067,165785,51.3757673000302,-0.103888103221632,"3,4,5,6",CR0 1XT
Chadwell Heath,547646,187611,51.5680470919696,0.12890111256818,"5",RM6 4BE
Chafford Hundred,558922,178770,51.4855549696471,0.287475705548031,"7",RM16 6QQ
Chalfont and Latimer,499610,197550,51.6679065638921,-0.561067758943182,"8",HP7 9PR
Chalk Farm,528126,184421,51.5441488373465,-0.15373306950608,"2",NW3 2BP
Chancery Lane,531096,181642,51.5184938358199,-0.111962026762417,"1",WC1V 6DR
Charing Cross,530234,180492,51.5083584281862,-0.124802937233044,"1",WC2N 5HS
Charlton,541108,178387,51.4868350415972,0.030941644861415,"3",SE7 7AB
Cheam,524444,163334,51.3554598941858,-0.214211280927971,"5",SM3 8RZ
Chelsfield,546944,164021,51.3562647640171,0.108984120416923,"6",BR6 6EU
Chesham,496048,201650,51.7053790233013,-0.611429635297931,"9",HP5 1DH
Cheshunt,536652,202307,51.7028732783417,-0.0238874154296612,"8",EN8 9AQ
Chessington North,518415,164168,51.3642429522672,-0.300476123597851,"6",KT9 2RT
Chessington South,517974,163319,51.3567040295492,-0.307089015193886,"6",KT9 2DD
Chigwell,543835,193045,51.6178579997418,0.0761792153523028,"4",IG7 6NT
Chingford,539173,194628,51.6332533918814,0.00951432553087975,"5",E4 6AL
Chipstead,527689,158275,51.3092747067641,-0.169445867834642,"6",CR5 3TD
Chislehurst,543205,169405,51.4055985053297,0.057491821647749,"5",BR7 5NN
Chiswick,520438,177182,51.4807810596151,-0.267013317708247,"3",W4 2QE
Chiswick Park,520352,178692,51.4943702779427,-0.267736917992298,"3",W4 5NE
Chorleywood,502596,196092,51.6542650809277,-0.518333910857157,"7",WD3 5ND
Church Street,532041,165555,51.3737063933963,-0.104346828268119,"3,4,5,6",CR0 1RN
City Thameslink,531688,181150,51.5139349006601,-0.103618448552803,"1",EC4M 7JH
Clapham Common,529428,175291,51.4618034458079,-0.138314901387923,"2",SW4 7AJ
Clapham High Street,529824,175709,51.4654692992225,-0.132464501562701,"2",SW4 6DQ
Clapham Junction,527198,175520,51.4643665077894,-0.170315000544166,"2",SW11 2QP
Clapham North,530003,175652,51.4649160047291,-0.129910061914643,"2",SW4 7TS
Clapham South,528782,174259,51.452676249205,-0.147984068330292,"2,3",SW12 9DU
Clapton,534748,186531,51.5615689964249,-0.0574894582650098,"2",E5 9JP
Clock House,536367,169545,51.4085404968969,-0.0407020924973615,"4",BR3 4PR
Cockfosters,528087,196424,51.6520242362042,-0.149916709772051,"5",EN4 0DZ
Colindale,521295,189937,51.5952301089407,-0.250287540071135,"4",NW9 5HR
Colliers Wood,526831,170436,51.4187588995297,-0.177415098049605,"3",SW19 2HR
Coombe Lane,535201,164089,51.3597892144862,-0.059531571121806,"3,4,5,6",CR0 5RF
Coulsdon South,529869,159056,51.3158007205295,-0.137903089182717,"6",CR5 3EA
Coulsdon Town,530098,159802,51.3224527354539,-0.134347056240208,"6",CR5 2JA
Covent Garden,530242,180982,51.5127600335322,-0.124506893736966,"1",WC2E 9JT
Crayford,551479,174424,51.4485470522551,0.178502718160404,"6",DA1 3PY
Crews Hill,530973,200109,51.6844744388101,-0.106844100099287,"6",EN2 8AY
Cricklewood,524009,185907,51.5584223230619,-0.212547931476767,"3",NW2 1HL
Crofton Park,536517,174739,51.4551792350413,-0.0365465817645417,"3",SE4 2RA
Crossharbour and London Arena,537896,179301,51.4958399574051,-0.0149328130902497,"2",E14 8AD
Crouch Hill,530586,187508,51.5713269083676,-0.117133284097602,"3",N4 4AU
Croxley,507921,195395,51.6470045601111,-0.441603786877926,"7",WD3 3DY
Crystal Palace,534120,170557,51.4181702351678,-0.0726072324587528,"3,4",SE19 2AZ
Custom House,540679,180911,51.5096221016304,0.0257725103052806,"3",E16 3BX
Cutty Sark for Maritime Greenwich,538240,177764,51.4819444532296,-0.0105818667236087,"2",SE10 9SW
Cyprus,543324,180863,51.508526688501,0.0638407560748753,"3",E6 5PH
Dagenham Dock,548900,183000,51.5262874370821,0.145031015288525,"5",RM9 6RA
Dagenham East,550284,185033,51.5441876132896,0.165833433309167,"5",RM10 8AA
Dagenham Heathway,549035,184665,51.5412120355014,0.147679721474003,"5",RM9 5AN
Dalston Junction,533580,184778,51.5460935954785,-0.0749942044988175,"2",E8 3DL
Dalston Kingsland,533487,185062,51.5486676960656,-0.0762269216179968,"2",E8 2JS
Debden,544275,196133,51.6454921415259,0.0838014752563246,"6",IG10 3TG
Denmark Hill,532697,176087,51.4682004929251,-0.090987869102917,"2",SE5 8BB
Deptford,537165,177395,51.4788900433175,-0.0261963195339123,"2",SE8 3NU
Deptford Bridge,537466,176912,51.4744767383948,-0.0220524287742926,"2,3",SE10 8BU
Devons Road,537603,182233,51.522258440743,-0.0180077541751607,"2",E3 3QX
Dollis Hill,522207,185132,51.5518502022743,-0.238797758364758,"3",NW10 5NB
Drayton Green,516002,180998,51.5160041380154,-0.3296112533787,"4",W13 0JX
Drayton Park,531426,185499,51.5530781363832,-0.105770199103468,"2",N5 1NT
Dundonald Road,524741,170233,51.4173978091245,-0.20752711020077,"3,4,5,6",SW19 3QJ
Ealing Broadway,517920,180915,51.5148614827794,-0.302010376133626,"3",W5 2NU
Ealing Common,518963,180426,51.5102481879337,-0.287151413105322,"3",W5 3LD
Earls Court,525457,178480,51.4913563561976,-0.194313807095143,"1,2",SW5 9QA
Earlsfield,526081,173030,51.44223850305,-0.187272686543178,"3",SW18 4SW
East Acton,521656,181159,51.5162630104536,-0.248112221281314,"2",W12 0BP
East Croydon,532904,165801,51.3757159539063,-0.0918634955366216,"5",CR0 1LF
East Dulwich,533449,175375,51.4616254536404,-0.0804365711324548,"2",SE22 8EF
East Finchley,527242,189204,51.5873322776344,-0.16474388444672,"3",N2 0NW
East Ham,542373,184255,51.5392462519437,0.0515162934805762,"3,4",E6 2JA
East India,538729,180753,51.5086840050616,-0.00237033154899331,"2,3",E14 9PS
East Putney,524387,174840,51.4588794403538,-0.210998231595942,"2,3",SW15 6SN
Eastcote,511191,187627,51.5765511761409,-0.396823290149802,"5",HA5 1QZ
Eden Park,537396,167598,51.390796061855,-0.0266697155140848,"5",BR3 3HQ
Edgware,519527,192009,51.6142291745151,-0.275093662061706,"5",HA8 7AW
Edgware Road (Bakerloo),527026,181778,51.5206450845361,-0.17053954989974,"1",W2 1DY
Edgware Road (Circle/District/Hammersmith and City),527227,181711,51.5199977710934,-0.167668252651179,"1",NW1 5DH
Edmonton Green,534273,193590,51.6251156043645,-0.0616390192351294,"4",N9 9DX
Elephant and Castle,531940,179144,51.4958492200292,-0.100738714256282,"1,2",SE1 6LW
Elm Park,552446,185647,51.5491249099079,0.197252684283427,"6",RM12 4RW
Elmers End,535788,168389,51.3982910301625,-0.0494638321399584,"4",BR3 4EJ
Elmstead Woods,542247,170656,51.4170807066345,0.0442293428430611,"4",BR7 5EW
Elstree and Borehamwood,519098,196299,51.6528751208461,-0.279828614916371,"6",WD6 3LS
Eltham,542690,174962,51.4556623092267,0.0523293078984464,"4",SE9 6UB
Elverson Road,537848,176243,51.4683721650385,-0.016816376196184,"2,3",SE8 4LA
Embankment,530406,180380,51.5073122969468,-0.12236733566212,"1",WC2N 6NS
Emerson Park,553971,187918,51.5691152721953,0.220222937199811,"6",RM11 2JR
Enfield Chase,532181,196607,51.6527219654472,-0.0907042050119525,"5",EN2 7AA
Enfield Lock,536437,198737,51.6708460782566,-0.0283910700615031,"6",EN3 6BW
Enfield Town,532970,196544,51.6519699451537,-0.0793299217281958,"5",EN1 1YB
Epping,546197,201552,51.693686354978,0.113825553514212,"6",CM16 4HW
Epsom Downs,522805,159756,51.3236590493812,-0.238970223459662,"6",KT17 4JX
Erith,551075,178096,51.4816479632343,0.174261291026815,"6",DA8 1TY
Essex Road,532114,184132,51.5406331556661,-0.0963655253611019,"2",N1 2SU
Euston,529587,182735,51.528664114832,-0.133296470819151,"1",NW1 2DU
Euston Square,529587,182735,51.528664114832,-0.133296470819151,"1",NW1 2BN
Ewell East,522571,162152,51.3452434826631,-0.241502997980425,"6",KT17 1QR
Ewell West,521473,162654,51.3499907230587,-0.257089129197642,"6",KT17 1TU
Fairlop,544902,190655,51.5961096941749,0.0905932799159299,"4",IG6 3HD
Falconwood,544498,175394,51.45908592772,0.0785096933805763,"4",SE9 2RN
Farringdon,531585,181844,51.5201955191978,-0.104843061316764,"1",EC1M 6BY
Feltham,510601,173298,51.447878503887,-0.409824471157644,"6",TW13 4BY
Fenchurch Street,533434,180932,51.5115665798508,-0.0785541524539052,"1",EC3M 4AJ
Fieldway,537665,163212,51.3513169697067,-0.0245032653332691,"3,4,5,6",CR0 0QA
Finchley Central,525232,190664,51.6009029368564,-0.193220634711658,"4",N3 2RY
Finchley Road,526293,184703,51.5470959064344,-0.180050558632494,"2",NW6 3BS
Finchley Road and Frognal,526035,185033,51.5501192001129,-0.183651200694972,"2",NW3 5HT
Finsbury Park,531385,186784,51.5646352748414,-0.105881485528902,"2",N4 3JU
Forest Gate,540447,185322,51.5493161610842,0.0241890915432563,"3",E7 0QH
Forest Hill,535398,172943,51.4393082276003,-0.0533285042533909,"3",SE23 3HD
Fulham Broadway,525402,177244,51.4802605857463,-0.195544161527897,"2",SW6 1BY
Fulwell,514832,171841,51.4339419952057,-0.349438517646736,"6",TW2 5NY
Gallions Reach,543873,180935,51.5090342602489,0.0717753947300296,"3",E6 6FZ
Gants Hill,543266,188432,51.5765530629417,0.0660840980631794,"4",IG2 6UD
George Street,532432,165594,51.3739658975768,-0.098718104657481,"3,4,5,6",CRO 1LA
Gidea Park,552941,189306,51.5818660866497,0.205976983126467,"6",RM2 6BX
Gipsy Hill,533321,171237,51.4244693878982,-0.0838351671131961,"3",SE19 1PL
Gloucester Road,526196,178848,51.4944992596252,-0.183543557571591,"1",SW7 4SF
Golders Green,525199,187471,51.5722152168504,-0.194834556938263,"3",NW11 7RN
Goldhawk Road,523131,179616,51.5020765966368,-0.227404003248823,"2",W12 8EG
Goodge Street,529505,181837,51.5206128912698,-0.134807689114727,"1",W1T 2HF
Goodmayes,546462,187369,51.5661811680319,0.11172965502875,"4",IG3 9UH
Gordon Hill,531889,197799,51.663502085545,-0.0944732992729422,"5",EN2 0QU
Gospel Oak,528263,185677,51.5554050480654,-0.151301031245207,"2",NW5 1LT
Grange Hill,544963,192590,51.6134805793354,0.0922725301686921,"4",IG7 5QB
Grange Park,531753,195472,51.6426229206485,-0.0973144232582473,"5",N21 1RE
Gravel Hill,536359,163536,51.3545431872964,-0.0431216986501781,"3,4,5,6",CR0 5BJ
Great Portland Street,528861,182174,51.5237885627179,-0.14396142408109,"1",W1W 5PP
Green Park,529012,180283,51.5067602537146,-0.142477574422533,"1",W1J 7BX
Greenford,514808,183861,51.5419795070146,-0.345878733131022,"4",UB6 8PR
Greenwich,537956,177267,51.4775476425343,-0.0148630836027375,"2,3",SE10 8JQ
Grove Park,540702,172099,51.4304326833948,0.0225985021902339,"4",SE12 0PW
Gunnersbury,519843,178401,51.4918629632299,-0.27516413141625,"3",W4 5RP
Hackbridge,528582,165929,51.3778606498357,-0.153879196850358,"4",SM6 7BJ
Hackney Central,534922,184943,51.5472573565926,-0.055589511802495,"2",E8 1LL
Hackney Downs,534598,185137,51.5490779892583,-0.0601851048568028,"2",E8 1LA
Hackney Wick,537036,184588,51.5435583677805,-0.0252595027702909,"2",E9 5ER
Hadley Wood,526197,198199,51.6684025848229,-0.176581187835387,"6",EN4 0EJ
Haggerston,533560,183953,51.5386846090133,-0.0755952577608923,"2",E8 4DY
Hainault,545124,191411,51.6028454837523,0.0941085508301525,"4",IG6 3BD
Hammersmith (District),523474,178483,51.4918194135572,-0.222860925885304,"2",W6 9YA
Hammersmith (Met.),523346,178665,51.4934829866877,-0.224640154500701,"2",W6 0ED
Hampstead,526408,185757,51.5565423064487,-0.17801455810845,"2",NW3 1QG
Hampstead Heath,527344,185631,51.555199657702,-0.164566181677572,"3",NW3 2QD
Hampton,513299,169797,51.4158789449537,-0.372135245669055,"6",TW12 2HU
Hampton Court,515376,168332,51.4022933180495,-0.342757145306569,"6",KT8 9AE
Hampton Wick,517407,169752,51.4146395316062,-0.313103603949313,"6",KT1 4DQ
Hanger Lane,518506,182621,51.5300715563412,-0.292996140557165,"3",W5 1DL
Hanwell,515426,180560,51.512185406676,-0.338051877786331,"4",W7 3EB
Harlesden,520952,183367,51.5362579086204,-0.257495670377017,"3",NW10 8UT
Harold Wood,554858,190626,51.5932026039305,0.234204076658373,"6",RM3 0BL
Harringay,531395,188200,51.5773577397801,-0.10520825191282,"3",N4 1RW
Harringay Green Lanes,531880,188189,51.5771457347569,-0.0982173912207183,"3",N4 2NU
Harrington Road,535002,168535,51.3997904749146,-0.0606999543468706,"3,4,5,6",SE25 4NF
Harrow and Wealdstone,515486,189508,51.5925940880877,-0.334252678574127,"5",HA3 7RF
Harrow-on-the-Hill,515329,188035,51.5793875695421,-0.337001510706096,"5",HA1 1BB
Hatch End,513024,191370,51.6098279022449,-0.369178773032179,"6",HA5 5LZ
Hatton Cross,509614,175369,51.466684612991,-0.423380552969979,"5,6",TW6 3PF
Haydons Road,526012,171161,51.4254570111129,-0.188929357279552,"3",SW19 8SL
Hayes,540003,165993,51.3757367261143,0.0101426524706988,"5",BR2 7EN
Hayes and Harlington,509717,179417,51.5030483879841,-0.420641893287757,"5",UB3 4BX
Headstone Lane,513892,190574,51.6024990445584,-0.356907506957421,"5",HA2 6NB
Heathrow Terminal 4,507939,174565,51.4597796985324,-0.447729578266073,"6",TW6 3AA
Heathrow Terminal 5,504934,175642,51.470024624464,-0.490647489124247,"6",TW6 2GA
Heathrow Terminals 1 2 3,507587,175838,51.4712886619133,-0.45240721364932,"6",TW6 1EB
Hendon,522143,188271,51.5800745951426,-0.238630517291968,"3,4",NW4 4PT
Hendon Central,522959,188631,51.5831326781621,-0.226734137100088,"3,4",NW4 3AS
Herne Hill,531934,174486,51.4539912042704,-0.102562907707251,"2,3",SE24 0JW
Heron Quays,537386,180127,51.5033865355316,-0.0219535320363096,"2",E14 4JH
High Barnet,525027,196310,51.6516879382667,-0.194165377979615,"5",EN5 5RP
High Street Kensington,525622,179527,51.5007291341687,-0.191566055496419,"1",W8 5SA
Highams Park,538581,191841,51.6083559959638,-0.000135285919528802,"4",E4 9LA
Highbury and Islington,531562,184770,51.54649533885,-0.104082139239353,"2",N1 1SE
Highgate,528503,188158,51.5776463793385,-0.146934860933741,"3",N6 5BH
Hillingdon,507567,185015,51.5537767817637,-0.449897981623021,"6",UB10 9NR
Hither Green,538997,174497,51.4524017232365,-0.000970912324543807,"3",SE13 5NF
Holborn,530553,181488,51.5172355413957,-0.119840506602937,"1",WC2B 6AA
Holland Park,524564,180215,51.5071461481404,-0.206557775412328,"2",W11 3RB
Holloway Road,530930,185457,51.5528159210644,-0.11293569621686,"2",N7 8HS
Homerton,536108,184901,51.5465953861965,-0.0385123470211163,"2",E9 5SD
Honor Oak Park,536002,174221,51.4506481710405,-0.0441531210321066,"3",SE23 3LE
Hornchurch,553931,186274,51.55435547079,0.218926999411176,"6",RM12 6LS
Hornsey,530911,189202,51.5864746710952,-0.11181563739976,"3",N8 8SE
Hounslow,513902,174998,51.4625042272728,-0.361796248390842,"5",TW3 3DL
Hounslow Central,513592,175928,51.4709251687999,-0.36595812136688,"4",TW3 1JG
Hounslow East,514327,176254,51.4737073148075,-0.355275314498969,"4",TW3 4AB
Hounslow West,512215,176140,51.4731050863714,-0.385707619977202,"5",TW3 3DH
Hoxton,533582,183142,51.5313914913672,-0.0755856468761882,"1,2",E2 8HR
Hyde Park Corner,528330,179801,51.5025837655421,-0.152474112631868,"1",SW1X 7LY
Ickenham,508127,185811,51.560824332912,-0.441579501268799,"6",UB10 8PD
Ilford,543501,186501,51.5591423566676,0.0686851911807607,"4",IG1 4DU
Imperial Wharf,526299,176674,51.4749386300301,-0.182837502801637,"2",SW6 2HA
Island Gardens,538228,178432,51.4879500735802,-0.0104933031301963,"2",E14 3FA
Isleworth,515570,176430,51.475036873487,-0.337328758459813,"4",TW7 4BX
Iver,503729,179898,51.508501301636,-0.506740418939111,"",SL0 9AU
Kenley,532400,160100,51.3246001489774,-0.101219712172033,"6",CR8 5JA
Kennington,531660,178337,51.4886622888157,-0.105070612774,"2",SE11 4JQ
Kensal Green,523241,182784,51.5305238487188,-0.224713381138044,"2",NW10 5JT
Kensal Rise,523501,183201,51.5342147055381,-0.220820975825494,"2",NW10 3NT
Kensington (Olympia),524324,179178,51.4978793571258,-0.210379239767882,"2",W14 0NE
Kent House,535999,170000,51.4127175867398,-0.0458155530612076,"4",BR3 1JF
Kentish Town,529029,185096,51.5500092942818,-0.140471262700526,"2",NW5 2AA
Kentish Town West,528603,184700,51.5465477318151,-0.146756408622474,"2",NW5 3LD
Kenton,516833,188304,51.5814957703514,-0.315216860826321,"4",HA3 0XS
Kew Bridge,518898,178172,51.4900041453257,-0.288846489888672,"3",TW8 0EF
Kew Gardens,519173,176708,51.4767886712304,-0.285381006676174,"3,4",TW9 3PZ
Kidbrooke,540999,175697,51.46269023697,0.028300239185478,"3",SE3 9NF
Kilburn,524589,184644,51.546944102866,-0.204632716699255,"2",NW6 7QL
Kilburn High Road,525553,183591,51.5372674307247,-0.191113103613429,"2",NW6 7QL
Kilburn Park,525361,183349,51.5351352218434,-0.193966054939706,"2",NW6 5AD
King George V,543231,180135,51.5020087119328,0.0622062141092917,"3",E16 2JF
King Henry's Drive,537978,162558,51.3453640669913,-0.0202647574245281,"3,4,5,6",CR0 0LH
King's Cross,530312,182991,51.5307979924803,-0.122756420526631,"1",N1 9AL
Kings Cross St. Pancras,530236,182935,51.5303122619463,-0.123872128687034,"1",N1 9AL
Kingsbury,519361,188739,51.5848760634912,-0.278601603713172,"4",NW9 9EG
Kingston,518244,169549,51.4126412731401,-0.301141034921329,"6",KT1 1UJ
Kingswood,524816,156585,51.2947227949647,-0.21123322352396,"6",KT20 6EN
Knightsbridge,527765,179650,51.5013546370189,-0.160664484622809,"1",SW3 1ED
Knockholt,548499,162896,51.3457521565349,0.13083103983432,"6",TN14 7HR
Ladbroke Grove,524284,181328,51.5172103317528,-0.210198169891793,"2",W10 6HJ
Ladywell,537716,174884,51.4561921061853,-0.0192444011254866,"3",SE13 7XB
Lambeth North,531165,179489,51.4991297653886,-0.111768260460206,"1",SE1 7XG
Lancaster Gate,526711,180796,51.5118906583283,-0.175429926789792,"1",W2 4QH
Langdon Park,537807,181863,51.5188839160837,-0.0152137989477048,"2",E14 6NW
Langley,501299,179800,51.5080607734654,-0.541770556061928,"",SL3 6DB
Latimer Road,523789,180954,51.5139577448775,-0.217459663317242,"2",W10 6SZ
Lea Bridge,536175,187133,51.5666362038515,-0.0366831576627724,"3",E10 7PG
Lebanon Road,533385,165756,51.3751988602505,-0.0849736487598167,"3,4,5,6",CR0 6SF
Lee,540002,174197,51.4494585444425,0.0133646923821205,"3",SE12 9JG
Leicester Square,529987,180812,51.5112909741717,-0.128242146629807,"1",WC2H 0AP
Lewisham,538163,175863,51.4648806955123,-0.0124327008980092,"2,3",SE13 7RY
Leyton,538295,186244,51.5581322623127,-0.00646533158060304,"3",E10 5PS
Leyton Midland Road,538150,187490,51.5693642287863,-0.00806634743035076,"3",E10 6JT
Leytonstone,539345,187429,51.5685223067262,0.00914045195706128,"3,4",E11 1HE
Leytonstone High Road,539298,186903,51.5638073603645,0.00825446883595584,"3",E11 4RE
Limehouse,536150,181087,51.5123121016766,-0.0393800776624937,"2",E14 7JD
Liverpool Street,533160,181596,51.517598132254,-0.0822496218888544,"1",EC2M 7PR
Lloyd Park,533711,164549,51.3642754053557,-0.0807462726980878,"3,4,5,6",CR0 5RA
London Bridge,532937,180152,51.5046742093043,-0.0860055977481396,"1",SE1 2SW
London City Airport,542231,180294,51.5036897452474,0.0478727155835259,"3",E16 2DS
London Fields,534795,184212,51.5407187492493,-0.0576996862209217,"2",E8 3PH
Loughborough Junction,531902,175897,51.466678734544,-0.102497340930631,"2",SW9 8SA
Loughton,542314,195641,51.641570570828,0.0552790792874479,"6",IG10 4PD
Lower Sydenham,536831,171372,51.4248467905185,-0.033330341481054,"4",SE26 5AU
Maida Vale,525967,182792,51.5299947556212,-0.185432644935856,"2",W9 1JS
Maidenhead,488724,180745,51.5186674269541,-0.72267491057478,"",SL6 1EW
Malden Manor,521101,166497,51.3846091104699,-0.261120412431734,"4",KT3 5PN
Manor House,532074,187482,51.5707469861909,-0.0956849757319274,"2,3",N4 1BZ
Manor Park,541929,185757,51.5528544275939,0.045723870186973,"3,4",E12 5EP
Mansion House,532347,180962,51.5120915984511,-0.0941976572437842,"1",EC4N 6JD
Marble Arch,527875,181056,51.5139652346594,-0.158571214792758,"1",W1C 2JS
Maryland,539175,184881,51.5456682829975,0.00568165418425255,"3",E15 1SA
Marylebone,527510,181985,51.5223964032654,-0.163492562310913,"1",NW1 6JJ
Maze Hill,539194,177909,51.4830136644311,0.00320489681855999,"3",SE10 9XG
Meridian Water,535062,191741,51.6083117089913,-0.050959906384394,"4",N18 3HF
Merton Park,525182,169798,51.413391280969,-0.201342028812417,"3,4,5,6",SW19 3HA
Mile End,536577,182545,51.5253109195645,-0.0326660842711517,"2",E3 4DH
Mill Hill Broadway,521300,191900,51.6128707220669,-0.24953706487303,"4",NW7 2JU
Mill Hill East,524057,191460,51.608316303686,-0.209895710314407,"4",NW7 1BS
Mitcham,527345,168082,51.3974883365194,-0.17087164547873,"3,4,5,6",CR4 4BD
Mitcham Eastfields,528488,169323,51.408383659999,-0.154001717426646,"3",CR4 2ND
Mitcham Junction,528292,167611,51.3930423124126,-0.157436642225589,"4",CR4 4HN
Monument,532907,180814,51.510630277351,-0.0861883132610563,"1",EC4R 9AA
Moor Park,508563,193509,51.6299299595336,-0.432913016495897,"6,7",HA6 2JQ
Moorgate,532688,181677,51.5184369958311,-0.0890176874196191,"1",EC2M 6TX
Morden,525664,168563,51.4021856447495,-0.194851979519044,"4",SM4 5AZ
Morden Road,525788,169310,51.4088715755148,-0.192805675093396,"3,4,5,6",SW19 3BX
Morden South,525301,167900,51.3963073717591,-0.200301559721281,"4",SM4 5AN
Mornington Crescent,529193,183359,51.5343619927468,-0.138744348724714,"2",NW1 2JA
Mortlake,520458,175779,51.4681675008265,-0.267203309759762,"3",SW14 8LN
Motspur Park,522581,167724,51.3953192366103,-0.239439742641338,"4",KT3 6JJ
Mottingham,542600,173197,51.4398250617558,0.0503242023297411,"4",SE9 4EN
Mudchute,537908,178789,51.4912361634791,-0.0149599448810793,"2",E14 9UW
Neasden,521415,185422,51.5546273100412,-0.250115041693612,"3",NW10 1PH
New Addington,538187,162255,51.3425904830932,-0.0173833270693507,"3,4,5,6",CR0 0DE
New Barnet,526502,195996,51.6485364894024,-0.172969712284757,"5",EN5 1QT
New Beckenham,536718,170463,51.4167054934214,-0.035304949250805,"4",BR3 1QW
New Cross,536750,177110,51.476429364937,-0.0322788114450522,"2",SE14 6LD
New Cross Gate,536250,176967,51.4752648660342,-0.03952905184832,"2",SE14 6AR
New Eltham,544005,172999,51.4376907783216,0.0704446186894693,"4",SE9 2AB
New Malden,521392,168612,51.4035554892389,-0.256218102341553,"4",KT3 4PX
New Southgate,528672,192218,51.614093435136,-0.143009774858165,"4",N11 1QH
Newbury Park,544947,188378,51.5756385064638,0.0903031581978967,"4",IG2 7RN
Nine Elms,530058,177332,51.4800010492292,-0.12850098283072,"1",
Norbiton,519424,169495,51.4119088876876,-0.284199943193106,"5",KT2 7AZ
Norbury,530650,169690,51.4111883041727,-0.122799400973473,"3",SW16 3RW
North Acton,520831,181937,51.5234320046099,-0.259729523922228,"2,3",W3 6UP
North Dulwich,532950,174567,51.4544816672148,-0.0879186802737289,"2,3",SE21 7BX
North Ealing,518816,181243,51.517621818071,-0.288993547753171,"3",W5 3AF
North Greenwich,539168,179827,51.5002551610895,0.00358625912595083,"2,3",SE10 0PH
North Harrow,513540,188578,51.5846307078439,-0.362632985599068,"5",HA2 7SR
North Sheen,519132,175442,51.4654191445198,-0.28639746196941,"3",TW9 4QA
North Wembley,517663,186198,51.5623957964433,-0.303948213913291,"4",HA0 3NT
Northfields,517051,179296,51.5004911568957,-0.315064812988572,"3",W13 9QU
Northolt,513228,184519,51.5482123001801,-0.36844058759762,"5",UB5 4AA
Northolt Park,513829,185579,51.5576184653049,-0.359434188853151,"5",UB5 4XE
Northumberland Park,534861,191035,51.6020156471391,-0.0541320254717321,"3",N17 0HY
Northwick Park,516634,187967,51.578508169653,-0.318199386013369,"4",HA3 0AT
Northwood,509236,191441,51.6112129195814,-0.423837776195818,"6",HA6 2XL
Northwood Hills,510267,190305,51.6008019779143,-0.409311348056893,"6",HA6 1NZ
Norwood Junction,534001,168193,51.3969542014506,-0.0752098562061814,"4",SE25 5AG
Notting Hill Gate,525296,180481,51.5093750180118,-0.195921616226391,"1,2",W11 3HT
Nunhead,535293,175975,51.4665798988617,-0.0536797424804539,"2",SE15 3XE
Oakleigh Park,527001,194800,51.637676093709,-0.166194964993835,"4",EN5 1BU
Oakwood,529349,195968,51.64763774736,-0.131853538813394,"5",N14 4UT
Ockendon,559004,182828,51.5219901237508,0.290483480023453,"7",RM15 6PD
Old Street,532764,182474,51.525581330743,-0.0876229573873513,"1",EC1V 9NR
Orpington,545500,165900,51.3735201959245,0.0890289019388343,"6",BR6 0SX
Osterley,514529,177094,51.4812162357593,-0.352096088849003,"4",TW7 4PU
Oval,531108,177516,51.4814124173775,-0.113321075121332,"2",SE11 4PP
Oxford Circus,529102,181227,51.5152231744017,-0.14083617013334,"1",W1C 2JS
Paddington,526680,181185,51.5153935002265,-0.175736750265772,"1",W2 1RH
Palmers Green,530925,192798,51.6187865701508,-0.110272499322985,"4",N13 4PN
Park Royal,519074,182274,51.5268335560863,-0.284928912967105,"3",W5 3EL
Parsons Green,525029,176645,51.4749598256594,-0.201124490012253,"2",SW6 4HU
Peckham Rye,534152,176271,51.469511252696,-0.0699835529061944,"2",SE15 5DQ
Penge East,535374,170791,51.4199752622759,-0.0544952646379757,"4",SE20 7BQ
Penge West,534952,170567,51.4180628313332,-0.0606457643426384,"4",SE20 8NU
Perivale,516404,183270,51.5363412946729,-0.323070415901167,"4",UB6 7NP
Petts Wood,544440,167548,51.3885991156954,0.0744800301001628,"5",BR5 1LZ
Phipps Bridge,526534,168717,51.4033764315297,-0.182296786948212,"3,4,5,6",CR4 3QN
Piccadilly Circus,529612,180625,51.5096965321706,-0.133711596159076,"1",W1J 9HS
Pimlico,529711,178386,51.4895526466494,-0.133108257391385,"1",SW1V 2JA
Pinner,512233,189409,51.5923610566072,-0.38122378173761,"5",HA5 5LZ
Plaistow,540058,183305,51.5312883668178,0.0177806419969852,"3",E13 0DY
Plumstead,544803,178820,51.4897925652622,0.0842996169709163,"4",SE18 7EA
Ponders End,536097,195599,51.6427306374394,-0.0345251044598684,"5",EN3 4LA
Pontoon Dock,541226,180102,51.5022162729144,0.033325707548925,"3",E16 2SB
Poplar,537698,180603,51.5075880448376,-0.0172754932925174,"2",E14 0DS
Preston Road,518260,187292,51.5721032477993,-0.294972007483067,"4",HA3 0PS
Prince Regent,541215,180905,51.5094346072403,0.0334885741146771,"3",E16 3HE
Pudding Mill Lane,537930,183585,51.5343278360506,-0.0127685119445471,"2,3",E15 2PH
Purfleet,555417,178174,51.4811733966936,0.236774839097188,"7",RM16 1PL
Purley,531500,161497,51.3373633703713,-0.113613517091084,"6",CR8 2AP
Purley Oaks,532503,162594,51.3469891804969,-0.0988153325005632,"6",CR2 0ND
Putney,523992,175061,51.4609521781532,-0.216603370792462,"2,3",SW15 1RT
Putney Bridge,524476,175842,51.4678649970564,-0.209365414301954,"2",SW6 3UH
Queens Park,524612,183239,51.5343123177636,-0.204798146950672,"2",NW6 6HJ
Queens Road Peckham,535015,176825,51.4742846179239,-0.0573549786690294,"2",SE15 2JR
Queensbury,518802,189728,51.5938825093133,-0.286331592620629,"4",HA8 5NP
Queenstown Road,528763,176738,51.4749588883145,-0.147355310845153,"2",SW8 3RX
Queensway,525883,180615,51.5104489285477,-0.187419901048369,"1",W2 4SS
Rainham,552097,182099,51.5173408303357,0.190691977638158,"6",RM13 9YH
Ravensbourne,538699,170201,51.4138703699073,-0.00693781552984574,"4",BR3 5HE
Ravenscourt Park,522558,178711,51.494067596546,-0.235969229860143,"2",W6 0UG
Rayners Lane,512979,187538,51.5753961273885,-0.371060805748711,"5",HA5 5EG
Raynes Park,523206,169303,51.4093749711836,-0.229912936274609,"4",SW20 8NE
Reading,471527,173813,51.4587845668126,-0.971877620996332,"",RG1 1LZ
Rectory Road,534001,186199,51.5587633673592,-0.0683856644542954,"2",N16 7QB
Redbridge,541833,188371,51.5763669943606,0.0453940440870774,"4",IG4 5BG
Reedham,530835,160821,51.3314415132428,-0.123402623534722,"6",CR8 2DG
Reeves Corner,531895,165726,51.375277028631,-0.106379777578369,"3,4,5,6",CR0 1XP
Regents Park,528765,182174,51.5238104377728,-0.145344409720596,"1",NW1 5HA
Richmond,518072,175174,51.4632323939592,-0.301739128704929,"4",TW9 2AZ
Rickmansworth,505717,194605,51.6403222419337,-0.473684571012875,"7",WD3 1QY
Riddlesdown,532497,161001,51.3326746703329,-0.0994936669081528,"6",CR8 1HN
Roding Valley,541612,192882,51.6169565208123,0.0440262071266384,"4",IG9 6LN
Romford,551377,188455,51.5746418942839,0.18305527427581,"6",RM1 1SX
Rotherhithe,535239,179870,51.5015944207027,-0.0529662962549398,"2",SE16 4LF
Royal Albert,542029,180823,51.50849394631,0.0451771451896414,"3",E16 2QD
Royal Oak,525764,181485,51.5182940459234,-0.188823671546854,"2",W2 6ET
Royal Victoria,540139,180833,51.5090552671545,0.0179654125889859,"3",E16 1DE
Ruislip,509510,187102,51.5721612338762,-0.421234915592132,"6",HA4 8LD
Ruislip Gardens,510367,185763,51.5599595105222,-0.409294101374034,"5",HA4 6LG
Ruislip Manor,510088,187258,51.5734509011491,-0.412849344431848,"6",HA4 9AA
Russell Square,530207,182122,51.5230128366462,-0.124590196872619,"1",WC1N 1LG
Sanderstead,532855,162743,51.3482461025735,-0.0937084995489339,"6",CR2 0PL
Sandilands,533869,165749,51.3750221468239,-0.0780265894240146,"3,4,5,6",CR0 5PN
Selhurst,532993,167636,51.3921856251364,-0.0898990366231026,"4",SE25 6LL
Seven Kings,545401,187095,51.5639935121558,0.0963195752913869,"4",IG3 8RE
Seven Sisters,533646,188927,51.5833620439954,-0.0724668225188911,"3",N15 5LA
Shadwell,534936,180942,51.5113000646694,-0.0569192069418581,"2",E1 2QE
Shenfield,561356,195022,51.6308736398924,0.329952270765306,"7",CM15 8JD
Shepherds Bush,523741,179904,51.5045317956139,-0.218519156668849,"2",W12 8LH
Shepherds Bush Market,523121,180039,51.5058803381902,-0.227400490410209,"2",W12 7JD
Shoreditch High Street,533501,182258,51.5234666953431,-0.077087424331397,"1",E1 6AW
Shortlands,539399,169300,51.4056023739842,0.0027675443897767,"4",BR2 0JA
Sidcup,546300,172698,51.4343986295948,0.103315359719454,"5",DA15 7AW
Silver Street,533544,192472,51.615242361808,-0.0725897412586619,"4",N18 1QX
Slade Green,552250,176584,51.4677479700499,0.190518389697159,"6",DA8 2NX
Sloane Square,528080,178657,51.4923595104806,-0.156488856057024,"1",SW1W 8BB
Slough,497838,180157,51.5118788837057,-0.591524825275804,"",SL1 1XW
Snaresbrook,540161,188828,51.5808913115707,0.021463927810755,"4",E11 1QE
South Acton,520166,179279,51.4996853882737,-0.270215203266224,"3",W3 0DS
South Bermondsey,535156,178319,51.4876765282843,-0.0547548210670723,"2",SE16 2PL
South Croydon,532896,164358,51.3627500488751,-0.0925173627941774,"5",CR2 7PA
South Ealing,517605,179437,51.5016435203309,-0.307040239461223,"3",W5 4QB
South Greenford,515462,182991,51.5340270082388,-0.336737475403501,"4",UB6 2WE
South Hampstead,526425,184081,51.5414765580949,-0.178371198114625,"2",NW8 0DJ
South Harrow,514334,186376,51.5646795948217,-0.351893963731605,"5",HA2 8HN
South Kensington,526865,178817,51.4940710832552,-0.17392302133764,"1",SW7 2NB
South Kenton,517350,187153,51.5710439475513,-0.308142971762093,"4",HA9 8QT
South Merton,524917,168662,51.4032402207812,-0.205550298887015,"4",SW20 9JT
South Quay,537636,179853,51.5008635789065,-0.0184606926650221,"2",E14 9SH
South Ruislip,511080,185437,51.556889651478,-0.399115901006822,"5",HA4 6TP
South Tottenham,533697,188599,51.5804024712281,-0.0718559563059047,"3",N15 6ND
South Wimbledon,525828,170033,51.4153603977999,-0.191974544099057,"3,4",SW19 1DE
South Woodford,540577,190026,51.5915526647549,0.0279430783744098,"4",E18 1JJ
Southall,512620,179804,51.5059562937895,-0.378711181441562,"4",UB2 4AA
Southbury,534803,196199,51.6484336413001,-0.0529833104002624,"5",EN3 4HW
Southfields,524730,173291,51.44488297741,-0.206609383090931,"3",SW18 5RJ
Southgate,529675,194278,51.6323756417307,-0.127770046307841,"4",N14 5BH
Southwark,531566,180025,51.5038534497217,-0.105794938925092,"1",SE1 8NW
St Helier,525408,167191,51.3899118399214,-0.19901458965509,"4",SM4 6SF
St James Street,536402,188694,51.5806086130258,-0.0328045616794668,"3",E17 7PJ
St Johns,537400,176298,51.4689752593041,-0.0232406618061415,"2",SE8 4EW
St Margarets,516732,174250,51.4552054673299,-0.321324241867253,"4",TW1 2LH
St Mary Cray,546698,168298,51.3947595863922,0.10721790023829,"6",BR5 3SN
St Pancras,530122,182959,51.5305541987497,-0.125505781059782,"1",NW1 2QP
St. James's Park,529629,179503,51.4996095777261,-0.133878754341125,"1",SW1H 0BD
St. Johns Wood,526742,183352,51.5348541283933,-0.17406483866207,"2",NW8 6DN
St. Pauls,532105,181261,51.5148351387399,-0.0975710001169854,"1",EC2V 6AA
Stamford Brook,521913,178738,51.4944495685697,-0.245246306027922,"2",W6 0SB
Stamford Hill,533381,187928,51.574447480834,-0.0766683415728566,"3",N16 5AG
Stanmore,517574,192569,51.6196729504836,-0.303099287595299,"5",HA7 4PD
Star Lane,539148,182091,51.5206042606449,0.00419100262824069,"3",E16 4SR
Stepney Green,535566,182149,51.5219957586155,-0.0473825231948551,"2",E1 4AQ
Stockwell,530473,176470,51.4721590571156,-0.122846303356526,"2",SW9 9AE
Stoke Newington,533710,186845,51.5646374941449,-0.0723353943786903,"2",N16 6YA
Stonebridge Park,519690,184197,51.5439861056564,-0.275400437104679,"3",NW10 0RW
Stoneleigh,522021,164155,51.3633636469979,-0.248709653473392,"5",KT17 2JA
Stratford,538533,184421,51.541692575874,-0.00375164102719075,"3",E15 1AZ
Stratford High Street,538729,184032,51.5381489524464,-0.00108035600379454,"3",E15 3PA
Stratford International,538175,184758,51.5448085230875,-0.0087784340129179,"3",E15 2LZ
Strawberry Hill,515500,172502,51.4397472780519,-0.339617724386049,"5",TW1 4PP
Streatham,529946,171303,51.4258456483774,-0.132325495736147,"3",SW16 6HP
Streatham Common,529729,170534,51.4189844509068,-0.135726164035307,"3",SW16 5NT
Streatham Hill,530233,172714,51.4384601587523,-0.127681480540516,"3",SW2 4PA
Sudbury and Harrow Road,516853,185300,51.5544932686619,-0.315926235937249,"4",HA0 2HA
Sudbury Hill,515427,185584,51.5573390110298,-0.336392108538228,"4",HA1 3RA
Sudbury Hill Harrow,515490,185697,51.5583417256907,-0.33544668656216,"4",HA1 3RJ
Sudbury Town,516832,184955,51.5513969271083,-0.316343479907577,"4",HA0 2LA
Sundridge Park,540599,170200,51.4133938352705,0.0203651090291948,"4",BR1 3TR
Surbiton,518070,167315,51.3925990366125,-0.30438455443494,"6",KT6 4PE
Surrey Quays,535641,178954,51.4932667816228,-0.0475299875263057,"2",SE16 2UE
Sutton,526028,163823,51.3595058240713,-0.191302009044985,"5",SM1 1JA
Sutton Common,525593,165598,51.3755543745683,-0.196919910134175,"4",SM1 3HY
Swiss Cottage,526611,184259,51.5430345616616,-0.175626602641138,"2",NW3 6HY
Sydenham,535311,171609,51.4273411641062,-0.055088670764223,"3",SE26 5EU
Sydenham Hill,533548,172145,51.4325757586356,-0.0802302075090671,"3",SE21 7HW
Syon Lane,516306,177163,51.4814741554056,-0.326495028366485,"4",TW7 5NT
Tadworth,523097,156199,51.2916274794228,-0.236008012647662,"6",KT20 5SP
Taplow,491579,181340,51.5235608415769,-0.6813848514102,"",SL6 0NU
Tattenham Corner,522593,158140,51.3091809150244,-0.242566269387599,"6",KT18 5PR
Teddington,516019,170817,51.4244969542681,-0.332705330569485,"6",TW11 9AA
Temple,530995,180810,51.5110404236047,-0.113725749531254,"1",WC2R 2PH
Thames Ditton,515721,166818,51.3886155199462,-0.338292830966152,"6",KT7 0PA
Theobalds Grove,535933,201119,51.6923725348055,-0.0347481343438092,"7",EN8 7BG
Therapia Lane,530290,166843,51.3856855818393,-0.129017105892247,"3,4,5,6",CR0 3DD
Theydon Bois,545509,199180,51.67255225418,0.102890736881682,"6",CM16 7EU
Thornton Heath,532242,168317,51.3984809160272,-0.10043316453581,"4",CR7 8RX
Tolworth,519834,165603,51.3768428600788,-0.27962011044214,"5",KT5 9NU
Tooting,527969,170591,51.4198963712243,-0.161002470625191,"3",SW17 9JR
Tooting Bec,528015,172366,51.4358378049555,-0.159700490831738,"3",SW17 9AH
Tooting Broadway,527415,171373,51.4270488709259,-0.16868452577766,"3",SW17 0SU
Tottenham Court Road,529774,181354,51.5162106579362,-0.131110437940232,"1",W1D 2DA
Tottenham Hale,534483,189465,51.5879976822906,-0.0601878224855684,"3",N17 9LR
Totteridge and Whetstone,526111,193951,51.6302464287639,-0.179354261233395,"4",N20 9QP
Tower Gateway,533725,180809,51.5103925230575,-0.0744098769115334,"1",EC3N 1JL
Tower Hill,533566,180805,51.5103941502293,-0.0767011981209769,"1",EC3N 4DJ
Tufnell Park,529200,185816,51.5564405750082,-0.137742174052793,"2",N19 5QB
Tulse Hill,531797,172903,51.4397972578558,-0.105122508458826,"3",SE27 9BW
Turkey Street,535129,198903,51.6726535863499,-0.0472299312310293,"6",EN3 5TT
Turnham Green,521267,178804,51.4951815268556,-0.254524564284254,"2",W4 1LR
Turnpike Lane,531524,189650,51.5903579682551,-0.10280504057766,"3",N15 3NX
Twickenham,516221,173687,51.4502504109205,-0.328860220073982,"5",TW1 1BD
Twyford,479041,175787,51.4755325281579,-0.863306992983611,"",RG10 9NA
Upminster,556167,186833,51.5587637710015,0.251400804800992,"6",RM14 2TD
Upminster Bridge,555002,186681,51.5577191878009,0.234541891929043,"6",RM12 6PL
Upney,545844,184260,51.5384058166655,0.101531744664137,"4",IG11 9LS
Upper Holloway,529778,186630,51.5636230958685,-0.129109362694106,"2",N19 4DJ
Upper Warlingham,534100,158383,51.3087721301535,-0.0774816615679464,"6",CR3 0EP
Upton Park,541204,183931,51.5366282598781,0.0345418397236073,"3",E13 9AP
Uxbridge,505698,184161,51.5464537278672,-0.477101546420975,"6",UB8 1JZ
Vauxhall,530366,177978,51.4857356014527,-0.123829951970419,"1,2",SW8 1SR
Victoria,528941,179131,51.4964237195677,-0.143920705126304,"1",SW1E 5JX
Waddon,531151,164828,51.3673790671527,-0.117394075812958,"5",CR0 4NA
Waddon Marsh,531082,165906,51.3770827611593,-0.117987464148064,"3,4,5,6",CR0 4XT
Wallington,528841,163985,51.360331299565,-0.15086383380492,"5",SM6 0DZ
Waltham Cross,536520,200343,51.685257215528,-0.0265642572096444,"7",EN8 7LU
Walthamstow Central,537286,188986,51.5830180833761,-0.019940545005551,"3",E17 7LP
Walthamstow Queens Road,537020,188815,51.5815461551121,-0.0238439433008898,"3",E17 7QZ
Wandle Park,531422,165505,51.3734005326276,-0.113253320438367,"3,4,5,6",CR0 4JS
Wandsworth Common,527719,173530,51.4463653389414,-0.163536979415448,"3",SW12 8NL
Wandsworth Road,529354,176226,51.4702229770106,-0.139037674628515,"2",SW8 4PA
Wandsworth Town,525985,175119,51.4610337704117,-0.187910035680923,"2",SW18 1SU
Wanstead,540685,188176,51.5749021995709,0.028760472436225,"4",E11 2NT
Wanstead Park,540592,185600,51.5517781243521,0.0263899430517847,"3",E7 0HU
Wapping,535030,180170,51.5043402275049,-0.0558608143552397,"2",E1W 3PA
Warren Street,529253,182272,51.5245797647619,-0.13827833053848,"1",NW1 3AA
Warwick Avenue,526158,182030,51.5231041380791,-0.182953291113456,"2",W9 2PT
Waterloo,531050,179933,51.5031464567835,-0.113259251258196,"1",SE1 7NY
Waterloo East,531332,180054,51.5041684335795,-0.109153636893924,"1",SE1 8NH
Watford,509579,196610,51.6576044159566,-0.417269996729954,"7",WD18 7LE
Watford High Street,511360,196098,51.6526530662442,-0.391696720377947,"8",WD17 2EG
Watford Junction,511023,197340,51.6638823676859,-0.396171948023808,"",WD17 1ET
Wellesley Road,532511,165752,51.3753673812303,-0.0975249080867142,"3,4,5,6",CR0 2DD
Welling,546096,176073,51.464777257658,0.101775039089206,"4",DA16 3AT
Wembley Central,518214,185039,51.5518642975386,-0.296392321916041,"4",HA9 6AG
Wembley Park,519373,186341,51.5633220034916,-0.279242548111157,"4",HA9 9AA
Wembley Stadium,518924,185366,51.554654104755,-0.286046441972645,"4",HA9 8BQ
West Acton,519394,181273,51.517769693141,-0.280657170904487,"3",W3 6UP
West Brompton,525383,178030,51.4873285969613,-0.195538809670428,"2",SW5 9JX
West Croydon,532188,166098,51.3785520094323,-0.102034292302637,"5",CR0 2TA
West Drayton,506124,180122,51.5100704476327,-0.472176083850515,"6",UB7 9DY
West Dulwich,532798,173053,51.4409116753119,-0.0906726759198591,"3",SE21 8HN
West Ealing,516690,180749,51.5136246839724,-0.31978294869219,"3",W13 0NQ
West Finchley,525507,191601,51.6092624211855,-0.18891710747921,"4",N3 1NT
West Ham,539202,182974,51.528525530727,0.00531739383278791,"3",E15 3BN
West Hampstead,525524,184726,51.5474740226727,-0.191126583443095,"2",NW6 2LX
West Hampstead Thameslink,525423,184852,51.5486288099289,-0.192537517550186,"2",NW6 1XJ
West Harrow,514163,187957,51.5789236612617,-0.353846689868431,"5",HA1 4HE
West India Quay,537471,180505,51.506762626601,-0.0205824471280817,"2",E14 4ED
West Kensington,524635,178321,51.4901090272106,-0.206203692218027,"2",W14 9NL
West Norwood,531956,171955,51.4312409491332,-0.10318913429904,"3",SE27 0HS
West Ruislip,508364,186791,51.5695871570355,-0.437860134374038,"6",HA4 7WD
West Silvertown,540455,180155,51.5028844739075,0.0222460466810224,"3",E16 2AT
West Sutton,525081,164539,51.3661498021821,-0.204644546028283,"5",SM1 2EH
West Wickham,538266,166563,51.3812841800095,-0.0145763304109628,"5",BR4 0PY
Westbourne Park,524920,181764,51.5209885149092,-0.200882512814746,"2",W11 1AB
Westcombe Park,540199,178103,51.4845089277331,0.0177457002630554,"3",SE3 7EQ
Westferry,537064,180814,51.5096381074397,-0.0263231371017831,"2",E14 8AD
Westminster,530240,179718,51.5014013891933,-0.12500207834678,"1",SW1A 2JR
White City,523296,180750,51.5122320722798,-0.224631928515273,"2",W12 7RH
White Hart Lane,533693,191340,51.6050346575119,-0.070870326535637,"3",N17 7RP
Whitechapel,534738,181859,51.5195876908872,-0.0594204849881092,"2",E1 1BY
Whitton,514220,173568,51.449587607085,-0.35768205341595,"5",TW2 7LG
Whyteleafe,533842,158505,51.3099291878499,-0.0811351650050057,"6",CR3 0AD
Whyteleafe South,534169,157797,51.3034896801966,-0.0767125144057694,"6",CR3 0BD
Willesden Green,523350,184884,51.549372924827,-0.222407601249647,"2,3",NW2 4QT
Willesden Junction,521905,182942,51.532233566617,-0.243909139837678,"3",NW10 4RA
Wimbledon,524791,170647,51.4211075087935,-0.206662833440052,"3",SW19 1PS
Wimbledon Chase,524306,169347,51.4095305838822,-0.21408976708418,"3",SW20 8DB
Wimbledon Park,525274,172158,51.4345806287444,-0.199186272973062,"3",SW19 7DZ
Winchmore Hill,531529,194494,51.6338866966508,-0.100916932729748,"4",N21 3NG
Wood Green,531038,190427,51.5974535516576,-0.109526588776131,"3",N22 8HH
Wood Lane,523314,180464,51.5096578296917,-0.224472605709939,"2",W12 7DS
Wood Street,538521,189426,51.5866699434664,-0.00195389801318458,"4",E17 3NZ
Woodford,540952,191778,51.6072019027903,0.034056202416626,"4",IG8 7QE
Woodgrange Park,541861,185332,51.5490526109103,0.0445724962267991,"3,4",E7 8AA
Woodmansterne,528720,159385,51.3190183289485,-0.154262127162033,"6",CR5 3HS
Woodside,534716,167115,51.3870975786152,-0.0653471778556766,"3,4,5,6",SE25 5DP
Woodside Park,525725,192564,51.6178680990036,-0.185425502730219,"4",N12 8SE
Woolwich,543931,178994,51.4915784950453,0.0718193785262894,"4",
Woolwich Arsenal,543754,178803,51.4899072325859,0.0691939066943666,"4",SE18 6HX
Woolwich Dockyard,542738,178908,51.4911078869379,0.054612348493409,"3",SE18 5JY
Worcester Park,522192,166133,51.3811040871828,-0.245575288308153,"4",KT4 7ND
